{
  "signup": [
    {
      "id": "true",
      "ok": true,
      "message": "회원가입 성공"
    },
    {
      "id": "false",
      "ok": false,
      "message": "회원가입 실패"
    }
  ],
  "login": [
    {
      "id": "true",
      "ok": true,
      "message": "로그인 성공",
      "cookie": "a62e9erai36gw7a6fej1l2aw5f9e2"
    },
    {
      "id": "false",
      "ok": false,
      "message": "로그인 성공"
    }
  ],
  "posts": [
    {
      "id": "1",
      "title": "에어팟 프로",
      "district": "수성구",
      "imageURL": "아무노래"
    },
    {
      "id": "2",
      "title": "아이폰X",
      "district": "북구",
      "imageURL": "얼레리 꼴레리"
    },
    {
      "id": "3",
      "title": "맥북 에어",
      "district": "고산역",
      "imageURL": "리중딱 리중딱"
    },
    {
      "id": "4",
      "title": "세발 자전거",
      "district": "두류공원",
      "imageURL": "랄랄라"
    },
    {
      "id": "5",
      "title": "맥북",
      "district": "북구",
      "imageURL": "아무노래"
    },
    {
      "id": "6",
      "title": "시계",
      "district": "북구",
      "imageURL": "아무노래"
    },
    {
      "title": "시계",
      "district": "북구",
      "imageURL": "아무노래",
      "id": "WTcYN87"
    }
  ]
}